date,open,high,low,adjClose,value,volume,count,yesterday,close,jdate
2021-11-14,2268.0,2303.0,2239.0,2266.0,710444880000,60503628,9077,2268.0,2249.0,1400-08-23
2021-11-15,2249.0,2251.0,2154.0,2178.0,809287914550,71773060,10567,2266.0,2172.0,1400-08-24
2021-11-16,2135.0,2199.0,2135.0,2166.0,516800766400,46062879,7117,2178.0,2153.0,1400-08-25
2021-11-17,2153.0,2189.0,2133.0,2154.0,597674516320,53548043,8786,2166.0,2162.0,1400-08-26
2021-11-20,2127.0,2160.0,2048.0,2064.0,1438134421010,134548898,17586,2154.0,2064.0,1400-08-29
2021-11-21,2066.0,2156.0,2041.0,2100.0,1015589013680,93324728,13456,2064.0,2131.0,1400-08-30
2021-11-22,2158.0,2180.0,2114.0,2149.0,722011790110,64860126,10572,2100.0,2139.0,1400-09-01
2021-11-23,2147.0,2149.0,2085.0,2106.0,433959061350,39776506,8463,2149.0,2089.0,1400-09-02
2021-11-24,2085.0,2112.0,2064.0,2079.0,558423537610,51873959,7960,2106.0,2073.0,1400-09-03
2021-11-27,1998.0,2037.0,1977.0,1985.0,1192050965120,116006291,16071,2079.0,1977.0,1400-09-06
2021-11-28,1952.0,2017.0,1952.0,1988.0,754752495350,73268483,9904,1985.0,1969.0,1400-09-07
2021-11-29,1988.0,2008.0,1954.0,1973.0,584363887680,57199650,8523,1988.0,1961.0,1400-09-08
2021-11-30,1979.0,1979.0,1934.0,1950.0,569508052650,56379579,9364,1973.0,1934.0,1400-09-09
2021-12-01,1946.0,1967.0,1927.0,1944.0,641740004640,63712750,9695,1950.0,1956.0,1400-09-10
2021-12-04,2008.0,2012.0,1929.0,1950.0,624409014300,61827229,9648,1944.0,1975.0,1400-09-13
2021-12-05,1983.0,2021.0,1971.0,1992.0,663247544490,64240048,8119,1950.0,1988.0,1400-09-14
2021-12-06,1998.0,2004.0,1961.0,1983.0,392663069250,38216266,5740,1992.0,1967.0,1400-09-15
2021-12-07,1963.0,2002.0,1956.0,1981.0,375099099720,36566182,5121,1983.0,1985.0,1400-09-16
2021-12-08,1981.0,2056.0,1981.0,2019.0,532025543280,50875004,7184,1981.0,2023.0,1400-09-17
2021-12-11,2035.0,2046.0,1992.0,2010.0,405066125380,38903883,5344,2019.0,1998.0,1400-09-20
2021-12-12,1988.0,1988.0,1940.0,1954.0,515191744430,50932531,5566,2010.0,1954.0,1400-09-21
2021-12-13,1948.0,1967.0,1857.0,1890.0,1309343954410,133774229,15950,1954.0,1857.0,1400-09-22
2021-12-14,1867.0,1934.0,1859.0,1902.0,659248406760,66947017,7942,1890.0,1911.0,1400-09-23
2021-12-15,1902.0,1950.0,1886.0,1905.0,412129633110,41755901,8472,1902.0,1900.0,1400-09-24
2021-12-18,1913.0,1944.0,1907.0,1921.0,422256697210,42451768,6070,1905.0,1917.0,1400-09-27
2021-12-19,1913.0,1929.0,1851.0,1873.0,420690620270,43384852,6730,1921.0,1869.0,1400-09-28
2021-12-20,1915.0,1942.0,1898.0,1921.0,629590672430,63269962,6417,1873.0,1923.0,1400-09-29
2021-12-21,1923.0,1975.0,1923.0,1954.0,693792806600,68536996,5995,1921.0,1963.0,1400-09-30
2021-12-22,1988.0,2050.0,1971.0,2037.0,1202956716160,114037521,9305,1954.0,2050.0,1400-10-01
2021-12-25,2085.0,2135.0,2043.0,2087.0,1028243353060,95133663,13112,2037.0,2052.0,1400-10-04
2021-12-26,2044.0,2114.0,2017.0,2068.0,769932276850,71882370,8826,2087.0,2106.0,1400-10-05
2021-12-27,2124.0,2170.0,2098.0,2143.0,1174308082290,105818947,11795,2068.0,2116.0,1400-10-06
2021-12-28,2141.0,2141.0,2089.0,2116.0,637999439450,58207314,7189,2143.0,2118.0,1400-10-07
2021-12-29,2112.0,2137.0,2062.0,2089.0,863067247710,79734418,7422,2116.0,2062.0,1400-10-08
2022-01-01,2062.0,2062.0,2017.0,2033.0,572053019020,54312297,6498,2089.0,2023.0,1400-10-11
2022-01-02,2035.0,2062.0,2023.0,2041.0,378578998570,35831288,5119,2033.0,2062.0,1400-10-12
2022-01-03,2064.0,2070.0,2025.0,2041.0,316164450650,29918409,4132,2041.0,2029.0,1400-10-13
2022-01-04,2015.0,2027.0,2000.0,2006.0,414731151650,39916173,4486,2041.0,2004.0,1400-10-14
2022-01-05,2006.0,2025.0,1994.0,2008.0,277921735720,26713888,3902,2006.0,2014.0,1400-10-15
2022-01-08,2008.0,2039.0,1977.0,2000.0,428292717090,41338897,5721,2008.0,2010.0,1400-10-18
2022-01-09,1975.0,1988.0,1925.0,1942.0,608531465420,60495870,7467,2000.0,1944.0,1400-10-19
2022-01-10,1934.0,1965.0,1923.0,1936.0,493990561670,49246139,5983,1942.0,1942.0,1400-10-20
2022-01-11,1965.0,1983.0,1938.0,1950.0,281137128560,27833048,4386,1936.0,1940.0,1400-10-21
2022-01-12,1934.0,1965.0,1932.0,1950.0,309719350490,30675607,4504,1950.0,1938.0,1400-10-22
2022-01-15,1950.0,1969.0,1925.0,1940.0,586069962480,58314729,5826,1950.0,1931.0,1400-10-25
2022-01-16,1942.0,1950.0,1909.0,1929.0,398099911880,39831559,5531,1940.0,1936.0,1400-10-26
2022-01-17,1932.0,1950.0,1896.0,1917.0,422461546920,42529152,6437,1929.0,1919.0,1400-10-27
2022-01-18,1896.0,1898.0,1822.0,1849.0,804643408120,83956395,9512,1917.0,1842.0,1400-10-28
2022-01-19,1857.0,1884.0,1849.0,1857.0,454972319400,47305116,6183,1849.0,1857.0,1400-10-29
2022-01-22,1911.0,1950.0,1900.0,1925.0,581773143490,58374900,8085,1857.0,1911.0,1400-11-02
2022-01-23,1911.0,1911.0,1844.0,1873.0,487277613430,50232031,5841,1925.0,1863.0,1400-11-03
2022-01-24,1853.0,1884.0,1820.0,1846.0,467430062850,48904568,6079,1873.0,1830.0,1400-11-04
2022-01-25,1820.0,1863.0,1757.0,1830.0,2935041304130,309472216,12985,1846.0,1861.0,1400-11-05
2022-01-26,1915.0,1921.0,1876.0,1915.0,854013361560,86080853,8962,1830.0,1921.0,1400-11-06
2022-01-29,1977.0,2010.0,1950.0,2006.0,937936824500,90300564,6831,1915.0,2010.0,1400-11-09
2022-01-30,2048.0,2085.0,2031.0,2058.0,1785569560790,167499431,13047,2006.0,2068.0,1400-11-10
2022-01-31,2068.0,2104.0,2062.0,2073.0,737877658830,68680765,8425,2058.0,2077.0,1400-11-11
2022-02-01,2095.0,2095.0,2073.0,2077.0,1356344340400,126077575,6991,2073.0,2075.0,1400-11-12
2022-02-02,2077.0,2091.0,2077.0,2083.0,1028977288330,95405420,6633,2077.0,2089.0,1400-11-13
2022-02-05,2085.0,2093.0,2083.0,2087.0,1196976783620,110739404,6628,2083.0,2091.0,1400-11-16
2022-02-06,2087.0,2089.0,1990.0,2060.0,3949281623610,370043527,14669,2087.0,2037.0,1400-11-17
2022-02-07,1996.0,2035.0,1996.0,2015.0,521430293760,49945065,3981,2060.0,2015.0,1400-11-18
2022-02-08,2015.0,2027.0,1971.0,2006.0,657432709470,63260500,4967,2015.0,1985.0,1400-11-19
2022-02-09,1990.0,2025.0,1946.0,1994.0,633146443170,61317877,8068,2006.0,2023.0,1400-11-20
2022-02-12,2010.0,2027.0,1958.0,1981.0,354383023030,34530073,4678,1994.0,1971.0,1400-11-23
2022-02-13,1958.0,1981.0,1950.0,1973.0,572751114150,56030732,3761,1981.0,1971.0,1400-11-24
2022-02-14,2004.0,2043.0,1988.0,2023.0,680100878470,64920148,6077,1973.0,2039.0,1400-11-25
2022-02-16,2035.0,2048.0,2021.0,2025.0,560893826600,53472515,4437,2023.0,2025.0,1400-11-27
2022-02-19,2025.0,2027.0,2021.0,2025.0,985779027570,93975742,5003,2025.0,2025.0,1400-11-30
2022-02-20,2027.0,2029.0,2021.0,2025.0,722905289170,68904742,4368,2025.0,2027.0,1400-12-01
2022-02-21,2025.0,2025.0,1981.0,2000.0,423369359080,40848872,6366,2025.0,1988.0,1400-12-02
2022-02-22,2010.0,2019.0,1994.0,2008.0,661966522200,63647744,5350,2000.0,2017.0,1400-12-03
2022-02-23,2008.0,2021.0,2006.0,2008.0,457519403850,43979966,3814,2008.0,2010.0,1400-12-04
2022-02-26,2008.0,2010.0,1944.0,1977.0,447416954160,43711296,5928,2008.0,1956.0,1400-12-07
2022-02-27,1950.0,1967.0,1931.0,1940.0,324651256690,32296255,5692,1977.0,1946.0,1400-12-08
2022-02-28,1932.0,1971.0,1932.0,1952.0,385260930410,38119433,5355,1940.0,1950.0,1400-12-09
2022-03-02,1961.0,1965.0,1934.0,1944.0,257174086580,25550776,4557,1952.0,1938.0,1400-12-11
2022-03-05,1950.0,2000.0,1944.0,1963.0,672276197350,66073828,7225,1944.0,1994.0,1400-12-14
2022-03-06,1998.0,2060.0,1992.0,2044.0,1786604993480,168635516,12189,1963.0,2060.0,1400-12-15
2022-03-07,2068.0,2116.0,2039.0,2073.0,792671971160,73826403,8636,2044.0,2056.0,1400-12-16
2022-03-08,2050.0,2056.0,2012.0,2033.0,533906737770,50706125,5465,2073.0,2037.0,1400-12-17
2022-03-09,2021.0,2083.0,2021.0,2044.0,661008588490,62395650,5895,2033.0,2037.0,1400-12-18
2022-03-12,2035.0,2048.0,2000.0,2021.0,594572532040,56776747,5778,2044.0,2015.0,1400-12-21
2022-03-13,1996.0,2052.0,1990.0,2029.0,505428624450,48103494,4904,2021.0,2021.0,1400-12-22
2022-03-14,2019.0,2043.0,2019.0,2031.0,393552927480,37398632,3885,2029.0,2031.0,1400-12-23
2022-03-15,2031.0,2044.0,2017.0,2031.0,448239269510,42623906,3934,2031.0,2031.0,1400-12-24
2022-03-16,2031.0,2075.0,2027.0,2060.0,332493105390,31151156,4262,2031.0,2066.0,1400-12-25
2022-03-19,2081.0,2135.0,2079.0,2112.0,592879371170,54184282,6637,2060.0,2127.0,1400-12-28
2022-03-26,2201.0,2216.0,2143.0,2209.0,1433610233860,125349807,8955,2112.0,2216.0,1401-01-06
2022-03-27,2234.0,2288.0,2212.0,2253.0,997204363580,85471309,10221,2209.0,2263.0,1401-01-07
2022-03-28,2268.0,2305.0,2243.0,2268.0,697502208570,59376845,8237,2253.0,2276.0,1401-01-08
2022-03-29,2288.0,2288.0,2203.0,2222.0,826642407970,71795937,8666,2268.0,2205.0,1401-01-09
2022-03-30,2205.0,2259.0,2183.0,2241.0,410813406180,35378688,5410,2222.0,2255.0,1401-01-10
2022-04-03,2274.0,2353.0,2249.0,2348.0,1786374089940,146890520,9301,2241.0,2353.0,1401-01-14
2022-04-04,2446.0,2446.0,2320.0,2386.0,2841988819840,229946162,18851,2348.0,2346.0,1401-01-15
2022-04-05,2355.0,2398.0,2319.0,2375.0,1268017210000,103074692,11113,2386.0,2371.0,1401-01-16
2022-04-06,2371.0,2388.0,2305.0,2328.0,865448665660,71742464,9884,2375.0,2309.0,1401-01-17
2022-04-09,2288.0,2336.0,2253.0,2313.0,590238726840,49277413,6963,2328.0,2317.0,1401-01-20
2022-04-10,2328.0,2380.0,2328.0,2359.0,753425183250,61678908,6930,2313.0,2348.0,1401-01-21
2022-04-11,2361.0,2380.0,2357.0,2367.0,650129511990,53011076,6513,2359.0,2380.0,1401-01-22
2022-04-12,2278.0,2303.0,2249.0,2255.0,2079809754780,178129847,14148,2367.0,2249.0,1401-01-23
2022-04-13,2234.0,2311.0,2234.0,2290.0,686884180610,57938049,6783,2255.0,2307.0,1401-01-24
2022-04-16,2297.0,2332.0,2292.0,2315.0,707921181350,59035946,6469,2290.0,2319.0,1401-01-27
2022-04-17,2317.0,2330.0,2278.0,2315.0,927699208860,77393649,8126,2315.0,2326.0,1401-01-28
2022-04-20,2338.0,2344.0,2317.0,2332.0,448167793640,37106890,3902,2315.0,2342.0,1401-01-31
2022-04-24,2363.0,2363.0,2276.0,2299.0,602160681570,50561981,7452,2332.0,2317.0,1401-02-04
2022-04-25,2286.0,2355.0,2282.0,2326.0,981254892590,81443515,7174,2299.0,2336.0,1401-02-05
2022-04-26,2328.0,2355.0,2319.0,2334.0,772071684210,63858219,8023,2326.0,2334.0,1401-02-06
2022-04-27,2336.0,2346.0,2313.0,2332.0,930332329500,77016131,8354,2334.0,2336.0,1401-02-07
2022-04-30,2330.0,2330.0,2297.0,2309.0,649714786520,54328105,7700,2332.0,2303.0,1401-02-10
2022-05-01,2297.0,2315.0,2276.0,2293.0,613960835590,51692308,6607,2309.0,2297.0,1401-02-11
2022-05-02,2280.0,2293.0,2266.0,2272.0,704561265630,59839168,7545,2293.0,2276.0,1401-02-12
2022-05-07,2274.0,2311.0,2268.0,2282.0,794385268610,67222216,8397,2272.0,2288.0,1401-02-17
2022-05-08,2282.0,2351.0,2282.0,2326.0,897416123440,74499497,9796,2282.0,2349.0,1401-02-18
2022-05-09,2351.0,2351.0,2274.0,2305.0,1079179711070,90397371,9046,2326.0,2305.0,1401-02-19
2022-05-10,2305.0,2311.0,2282.0,2295.0,472764804680,39754507,5574,2305.0,2284.0,1401-02-20
2022-05-11,2295.0,2363.0,2288.0,2340.0,892010616450,73623774,7609,2295.0,2334.0,1401-02-21
2022-05-14,2359.0,2407.0,2326.0,2348.0,926593642590,76201024,9297,2340.0,2342.0,1401-02-24
2022-05-15,2353.0,2363.0,2299.0,2334.0,652464801480,53947704,7845,2348.0,2351.0,1401-02-25
2022-05-16,2336.0,2436.0,2334.0,2378.0,1664959495750,135088447,15602,2334.0,2413.0,1401-02-26
2022-05-17,2452.0,2488.0,2423.0,2465.0,1938810881620,151834110,16825,2378.0,2431.0,1401-02-27
2022-05-18,2438.0,2477.0,2415.0,2450.0,930343913810,73293898,9650,2465.0,2461.0,1401-02-28
2022-05-21,2431.0,2444.0,2365.0,2423.0,770988228260,61424001,7022,2450.0,2421.0,1401-02-31
2022-05-22,2425.0,2432.0,2394.0,2421.0,1129884635110,90110710,7097,2423.0,2425.0,1401-03-01
2022-05-23,2423.0,2429.0,2369.0,2394.0,1245281441210,100386697,8431,2421.0,2380.0,1401-03-02
2022-05-24,2392.0,2392.0,2351.0,2367.0,1004115118710,81883317,6780,2394.0,2373.0,1401-03-03
2022-05-25,2367.0,2371.0,2307.0,2338.0,1006676062960,83136147,10114,2367.0,2340.0,1401-03-04
2022-05-28,2340.0,2365.0,2268.0,2309.0,804835573370,67288466,8097,2338.0,2313.0,1401-03-07
2022-05-29,2282.0,2295.0,2236.0,2265.0,699489000490,59616472,6863,2309.0,2274.0,1401-03-08
2022-05-30,2278.0,2303.0,2255.0,2268.0,661385948440,56275815,6326,2265.0,2270.0,1401-03-09
2022-05-31,2272.0,2297.0,2239.0,2268.0,334700160320,28475982,5298,2268.0,2259.0,1401-03-10
2022-06-06,2216.0,2216.0,2127.0,2178.0,702837327640,62333539,6488,2268.0,2216.0,1401-03-16
2022-06-07,2189.0,2189.0,2153.0,2178.0,897226190540,79572207,7000,2178.0,2176.0,1401-03-17
2022-06-08,2193.0,2193.0,2172.0,2180.0,569448226590,50448912,4284,2178.0,2183.0,1401-03-18
2022-06-11,2174.0,2189.0,2153.0,2180.0,687301209400,60888112,6432,2180.0,2183.0,1401-03-21
2022-06-12,2182.0,2259.0,2162.0,2212.0,817716551880,71378541,7088,2180.0,2228.0,1401-03-22
2022-06-13,2239.0,2336.0,2239.0,2282.0,1263478092340,106858966,10013,2212.0,2251.0,1401-03-23
2022-06-14,2268.0,2299.0,2247.0,2282.0,790861577530,66911238,5887,2282.0,2282.0,1401-03-24
2022-06-15,2265.0,2315.0,2236.0,2261.0,454047359480,38764404,5093,2282.0,2282.0,1401-03-25
2022-06-18,2249.0,2268.0,2230.0,2241.0,704542762480,60658889,5815,2261.0,2259.0,1401-03-28
2022-06-19,2251.0,2266.0,2232.0,2241.0,526781701680,45368856,4662,2241.0,2241.0,1401-03-29
2022-06-20,2237.0,2266.0,2236.0,2243.0,578398022780,49782910,4561,2241.0,2241.0,1401-03-30
2022-06-21,2236.0,2241.0,2212.0,2230.0,492497000270,42656631,4072,2243.0,2216.0,1401-03-31
2022-06-22,2212.0,2230.0,2183.0,2209.0,492403236100,43038062,4235,2230.0,2214.0,1401-04-01
2022-06-25,2185.0,2185.0,2137.0,2153.0,899157015470,80665442,8481,2209.0,2139.0,1401-04-04
2022-06-26,2145.0,2147.0,2075.0,2102.0,831277934730,76316596,6732,2153.0,2083.0,1401-04-05
2022-06-27,2085.0,2114.0,2081.0,2102.0,921595286720,84656585,6689,2102.0,2104.0,1401-04-06
2022-06-28,2106.0,2133.0,2100.0,2110.0,490102602240,44829513,5085,2102.0,2108.0,1401-04-07
2022-06-29,2108.0,2118.0,2104.0,2112.0,397507695690,36334015,3670,2110.0,2110.0,1401-04-08
2022-07-02,2104.0,2110.0,2058.0,2091.0,433993062960,40088493,5029,2112.0,2068.0,1401-04-11
2022-07-03,2089.0,2093.0,2052.0,2085.0,313663612400,29044751,3937,2091.0,2093.0,1401-04-12
2022-07-04,2091.0,2104.0,2077.0,2085.0,300999911850,27861189,3696,2085.0,2083.0,1401-04-13
2022-07-05,2091.0,2143.0,2083.0,2120.0,661146645770,60218627,6538,2085.0,2122.0,1401-04-14
2022-07-06,2116.0,2166.0,2110.0,2131.0,953796275290,86387594,6988,2120.0,2110.0,1401-04-15
2022-07-09,2122.0,2182.0,2114.0,2143.0,760908375230,68566315,5962,2131.0,2122.0,1401-04-18
2022-07-11,2178.0,2251.0,2164.0,2201.0,1298308235010,113911578,13596,2143.0,2182.0,1401-04-20
2022-07-12,2182.0,2212.0,2162.0,2195.0,850160009150,74778647,6903,2201.0,2195.0,1401-04-21
2022-07-13,2201.0,2220.0,2162.0,2183.0,512431333470,45327426,5997,2195.0,2195.0,1401-04-22
2022-07-16,2195.0,2195.0,2106.0,2139.0,533033432680,48110092,6433,2183.0,2129.0,1401-04-25
2022-07-17,2141.0,2141.0,2106.0,2122.0,547339174940,49798334,6205,2139.0,2122.0,1401-04-26
2022-07-24,2122.0,2122.0,2068.0,2110.0,300910282970,27535444,1413,2122.0,2091.0,1401-05-02
2022-07-25,2102.0,2110.0,2027.0,2064.0,727470113390,68029792,7488,2110.0,2035.0,1401-05-03
2022-07-26,2046.0,2077.0,2046.0,2064.0,490729649870,45920539,4829,2064.0,2062.0,1401-05-04
2022-07-27,2066.0,2141.0,2062.0,2110.0,490874652810,44930484,5716,2064.0,2110.0,1401-05-05
2022-07-30,2120.0,2156.0,2093.0,2131.0,540332728400,48954520,6181,2110.0,2102.0,1401-05-08
2022-07-31,2091.0,2195.0,2064.0,2156.0,1661850318610,148767350,13410,2131.0,2191.0,1401-05-09
2022-08-09,2251.0,2263.0,2218.0,2247.0,692060828940,126831611,6913,2156.0,2263.0,1401-05-18
2022-08-10,2300.0,2305.0,2255.0,2272.0,542781015750,98255194,8348,2247.0,2272.0,1401-05-19
2022-08-13,2272.0,2407.0,2263.0,2379.0,864611493990,149535604,9910,2272.0,2391.0,1401-05-22
2022-08-14,2407.0,2407.0,2325.0,2362.0,354087102070,61677930,5739,2379.0,2354.0,1401-05-23
2022-08-15,2354.0,2366.0,2305.0,2333.0,395085094000,69689904,5627,2362.0,2342.0,1401-05-24
2022-08-16,2358.0,2358.0,2268.0,2305.0,303613535090,54168816,5039,2333.0,2300.0,1401-05-25
2022-08-17,2305.0,2325.0,2263.0,2288.0,423917045370,76206181,5200,2305.0,2280.0,1401-05-26
2022-08-21,2230.0,2243.0,2222.0,2230.0,351314262970,64793800,2068,2288.0,2235.0,1401-05-30
2022-08-22,2230.0,2230.0,2156.0,2185.0,621874298380,117052411,8497,2230.0,2177.0,1401-05-31
2022-08-23,2152.0,2198.0,2148.0,2169.0,329122689880,62393229,6703,2185.0,2173.0,1401-06-01
2022-08-24,2193.0,2210.0,2173.0,2193.0,365888068740,68699416,5303,2169.0,2193.0,1401-06-02
2022-08-27,2214.0,2214.0,2181.0,2193.0,275201828410,51647450,5280,2193.0,2189.0,1401-06-05
2022-08-28,2202.0,2202.0,2156.0,2169.0,260408946750,49398850,4191,2193.0,2165.0,1401-06-06
2022-08-29,2169.0,2173.0,2140.0,2152.0,261650169900,50011302,5179,2169.0,2144.0,1401-06-07
2022-08-30,2140.0,2173.0,2111.0,2128.0,234455073430,45326522,5325,2152.0,2111.0,1401-06-08
2022-08-31,2123.0,2136.0,2107.0,2115.0,185444802610,36092715,3911,2128.0,2107.0,1401-06-09
2022-09-03,2107.0,2128.0,2066.0,2095.0,331643846300,65174611,5148,2115.0,2091.0,1401-06-12
2022-09-04,2099.0,2132.0,2086.0,2095.0,215396544090,42292675,3891,2095.0,2095.0,1401-06-13
2022-09-05,2119.0,2119.0,2078.0,2091.0,247383720220,48675596,4011,2095.0,2082.0,1401-06-14
2022-09-06,2091.0,2099.0,2066.0,2082.0,175608551800,34701518,3234,2091.0,2086.0,1401-06-15
2022-09-07,2091.0,2095.0,2066.0,2082.0,215291219330,42583792,3401,2082.0,2074.0,1401-06-16
2022-09-10,2078.0,2086.0,2054.0,2070.0,253873785990,50441468,3581,2082.0,2074.0,1401-06-19
2022-09-11,2074.0,2082.0,2066.0,2070.0,189855163190,37750629,3062,2070.0,2070.0,1401-06-20
2022-09-12,2099.0,2128.0,2078.0,2099.0,275376150730,53997996,5170,2070.0,2111.0,1401-06-21
2022-09-13,2123.0,2152.0,2107.0,2132.0,400648290970,77278407,4958,2099.0,2148.0,1401-06-22
2022-09-14,2161.0,2161.0,2107.0,2128.0,232827879720,45054451,3908,2132.0,2119.0,1401-06-23
2022-09-18,2128.0,2136.0,2091.0,2103.0,178779610790,34970851,3165,2128.0,2103.0,1401-06-27
2022-09-19,2103.0,2107.0,2091.0,2099.0,210164540620,41222453,2704,2103.0,2095.0,1401-06-28
2022-09-20,2099.0,2103.0,2082.0,2091.0,151667409260,29849060,2366,2099.0,2086.0,1401-06-29
2022-09-21,2078.0,2091.0,2054.0,2066.0,246375980990,49116423,4401,2091.0,2054.0,1401-06-30
2022-09-24,2054.0,2054.0,2000.0,2021.0,232389135810,47330516,4780,2066.0,2008.0,1401-07-02
2022-09-26,2008.0,2066.0,2004.0,2037.0,245442683220,49543805,4308,2021.0,2025.0,1401-07-04
2022-09-28,2054.0,2103.0,2037.0,2074.0,224675735280,44592048,3552,2037.0,2066.0,1401-07-06
2022-10-01,2082.0,2082.0,2016.0,2029.0,209322592000,42451061,3400,2074.0,2016.0,1401-07-09
2022-10-02,2025.0,2045.0,2004.0,2029.0,173876232690,35283387,2643,2029.0,2033.0,1401-07-10
2022-10-03,2029.0,2049.0,2016.0,2029.0,128730444420,26126619,2143,2029.0,2021.0,1401-07-11
2022-10-04,2021.0,2041.0,2016.0,2025.0,108470642630,22066425,2104,2029.0,2025.0,1401-07-12
2022-10-08,2025.0,2049.0,2016.0,2022.0,141391370083,28772541,2848,2025.0,2017.0,1401-07-16
2022-10-09,2022.0,2025.0,2008.0,2020.0,270569610422,55112475,2578,2022.0,2017.0,1401-07-17
2022-10-10,2020.0,2025.0,2008.0,2015.0,162276887259,33137450,2719,2020.0,2021.0,1401-07-18
2022-10-11,2025.0,2082.0,2018.0,2049.0,185088976799,37174234,2794,2015.0,2064.0,1401-07-19
2022-10-12,2080.0,2095.0,2065.0,2082.0,165804890175,32782519,2532,2049.0,2084.0,1401-07-20
2022-10-15,2086.0,2091.0,2033.0,2070.0,147769564460,29365546,2299,2082.0,2074.0,1401-07-23
2022-10-16,2074.0,2074.0,2029.0,2054.0,187280095670,37568225,2303,2070.0,2062.0,1401-07-24
2022-10-17,2058.0,2058.0,2021.0,2049.0,148598209630,29816705,2078,2054.0,2058.0,1401-07-25
2022-10-18,2058.0,2062.0,2021.0,2037.0,138832419600,28056860,2405,2049.0,2029.0,1401-07-26
2022-10-19,2033.0,2041.0,2008.0,2021.0,107777591770,21968294,2687,2037.0,2012.0,1401-07-27
2022-10-22,2017.0,2021.0,2000.0,2010.0,229284145937,46946435,3411,2021.0,2006.0,1401-07-30
2022-10-23,1998.0,1998.0,1911.0,1947.0,370118817921,78221679,6549,2010.0,1934.0,1401-08-01
2022-10-24,1909.0,1909.0,1817.0,1841.0,1403405133900,313694377,17347,1947.0,1840.0,1401-08-02
2022-10-25,1841.0,1849.0,1802.0,1824.0,574775783609,129681942,8398,1841.0,1806.0,1401-08-03
2022-10-26,1821.0,1829.0,1734.0,1774.0,667857561633,154912131,8843,1824.0,1763.0,1401-08-04
2022-10-29,1798.0,1812.0,1777.0,1795.0,758034735976,173822689,6457,1774.0,1787.0,1401-08-07
2022-10-30,1808.0,1872.0,1796.0,1847.0,857329089916,191063150,6832,1795.0,1872.0,1401-08-08
2022-10-31,1872.0,1889.0,1859.0,1872.0,534376504795,117473603,5381,1847.0,1885.0,1401-08-09
2022-11-01,1885.0,1912.0,1877.0,1898.0,419710974654,91024869,4478,1872.0,1886.0,1401-08-10
2022-11-02,1898.0,1921.0,1861.0,1897.0,525215981446,113926621,4848,1898.0,1920.0,1401-08-11
2022-11-05,1918.0,2030.0,1918.0,2022.0,1238879152487,252089157,7470,1897.0,2030.0,1401-08-14
2022-11-06,2035.0,2078.0,1996.0,2037.0,761510439861,153882871,8739,2022.0,2051.0,1401-08-15
2022-11-07,2051.0,2160.0,2037.0,2110.0,954036565584,186032836,10364,2037.0,2146.0,1401-08-16
2022-11-08,2149.0,2200.0,2072.0,2126.0,925203619945,179079767,10808,2110.0,2122.0,1401-08-17
2022-11-09,2119.0,2165.0,2066.0,2122.0,680771015779,132021163,7188,2126.0,2123.0,1401-08-18
2022-11-12,2123.0,2198.0,2099.0,2144.0,565638299160,108555719,7146,2122.0,2103.0,1401-08-21
2022-11-13,2103.0,2123.0,2066.0,2091.0,461236437200,90819243,6412,2144.0,2091.0,1401-08-22
2022-11-14,2091.0,2103.0,2025.0,2070.0,416324833280,82687906,4976,2091.0,2091.0,1401-08-23
2022-11-15,2070.0,2099.0,2058.0,2074.0,366174324130,72657034,3830,2070.0,2086.0,1401-08-24
2022-11-16,2091.0,2103.0,2062.0,2082.0,243801306180,48226617,3079,2074.0,2074.0,1401-08-25
2022-11-19,2074.0,2074.0,1984.0,2016.0,523601572860,106945198,5745,2082.0,2025.0,1401-08-28
2022-11-20,2000.0,2078.0,1996.0,2049.0,251140080480,50420114,3135,2016.0,2041.0,1401-08-29
2022-11-21,2054.0,2062.0,2025.0,2049.0,311526832330,62515328,3290,2049.0,2037.0,1401-08-30
2022-11-22,2037.0,2054.0,2021.0,2037.0,158310638970,31997103,2560,2049.0,2029.0,1401-09-01
2022-11-23,2037.0,2045.0,2016.0,2029.0,230020810690,46624018,3450,2037.0,2025.0,1401-09-02
2022-11-26,2054.0,2058.0,2008.0,2021.0,200478624168,40813436,3099,2029.0,2016.0,1401-09-05
2022-11-27,2016.0,2045.0,2005.0,2024.0,312633356598,63563986,3372,2021.0,2037.0,1401-09-06
2022-11-28,2029.0,2035.0,2021.0,2026.0,325225129077,66075060,3900,2024.0,2025.0,1401-09-07
2022-12-03,2045.0,2074.0,2037.0,2051.0,191634806729,38451481,2198,2026.0,2054.0,1401-09-12
2022-12-04,2037.0,2066.0,2030.0,2052.0,370304089737,74246594,4110,2051.0,2050.0,1401-09-13
2022-12-05,2058.0,2058.0,2028.0,2041.0,370762515248,74759233,3729,2052.0,2053.0,1401-09-14
2022-12-06,2042.0,2042.0,2025.0,2033.0,262695442028,53175287,3228,2041.0,2026.0,1401-09-15
2022-12-07,2023.0,2025.0,1982.0,2002.0,256559863198,52737862,5099,2033.0,1982.0,1401-09-16
2022-12-10,1983.0,1983.0,1937.0,1957.0,345762181236,72699016,4638,2002.0,1951.0,1401-09-19
2022-12-11,1958.0,2008.0,1958.0,1973.0,337452117742,70375438,4971,1957.0,1978.0,1401-09-20
2022-12-12,1975.0,2070.0,1975.0,2043.0,469991376180,94668209,5576,1973.0,2066.0,1401-09-21
2022-12-13,2079.0,2186.0,2079.0,2176.0,1841278845326,348239330,11985,2043.0,2186.0,1401-09-22
2022-12-14,2214.0,2324.0,2206.0,2250.0,1130962784485,206867820,10860,2176.0,2238.0,1401-09-23
2022-12-17,2243.0,2247.0,2189.0,2218.0,528401436320,97960083,6174,2250.0,2226.0,1401-09-26
2022-12-18,2251.0,2354.0,2251.0,2313.0,939687870320,167058795,7676,2218.0,2317.0,1401-09-27
2022-12-19,2346.0,2362.0,2263.0,2317.0,786143009800,139743574,6804,2313.0,2296.0,1401-09-28
2022-12-20,2317.0,2325.0,2259.0,2284.0,439309298680,79175063,4437,2317.0,2276.0,1401-09-29
2022-12-21,2259.0,2309.0,2243.0,2276.0,362671842750,65637455,4222,2284.0,2280.0,1401-09-30
2022-12-24,2305.0,2432.0,2292.0,2399.0,1127137514960,193191975,10551,2276.0,2432.0,1401-10-03
2022-12-25,2469.0,2490.0,2399.0,2440.0,835853304270,140889964,9149,2399.0,2420.0,1401-10-04
2022-12-26,2424.0,2444.0,2370.0,2420.0,708241517020,120347075,8243,2440.0,2420.0,1401-10-05
2022-12-28,2510.0,2589.0,2510.0,2584.0,2584212227560,411315121,12332,2420.0,2589.0,1401-10-07
2022-12-31,2416.0,2572.0,2407.0,2457.0,2074518348440,347343782,18877,2584.0,2432.0,1401-10-10
2023-01-01,2416.0,2506.0,2346.0,2403.0,1234269617780,211337374,11497,2457.0,2436.0,1401-10-11
2023-01-02,2469.0,2482.0,2444.0,2461.0,762209973230,127510359,7775,2403.0,2453.0,1401-10-12
2023-01-03,2477.0,2490.0,2407.0,2444.0,896675120360,150830117,8137,2461.0,2428.0,1401-10-13
2023-01-04,2440.0,2440.0,2370.0,2387.0,499673095060,86151879,6707,2444.0,2420.0,1401-10-14
2023-01-07,2420.0,2465.0,2387.0,2428.0,615325795490,104310491,7624,2387.0,2440.0,1401-10-17
2023-01-08,2490.0,2560.0,2453.0,2502.0,1291643168700,212355054,11173,2428.0,2473.0,1401-10-18
2023-01-09,2490.0,2589.0,2473.0,2523.0,1085120802290,176884698,9445,2502.0,2556.0,1401-10-19
2023-01-10,2638.0,2696.0,2626.0,2675.0,2692696671570,414261588,18219,2523.0,2658.0,1401-10-20
2023-01-11,2667.0,2687.0,2593.0,2642.0,869126197930,135329474,10207,2675.0,2613.0,1401-10-21
2023-01-14,2568.0,2663.0,2494.0,2593.0,1018707640060,161647166,9167,2642.0,2646.0,1401-10-24
2023-01-16,2646.0,2700.0,2626.0,2658.0,761003309590,117797090,8144,2593.0,2663.0,1401-10-26
2023-01-17,2679.0,2700.0,2617.0,2650.0,946843758930,147135689,9549,2658.0,2630.0,1401-10-27
2023-01-18,2638.0,2658.0,2613.0,2634.0,637187728960,99567404,7617,2650.0,2626.0,1401-10-28
2023-01-21,2547.0,2597.0,2510.0,2527.0,1583039003060,257670035,14448,2634.0,2523.0,1401-11-01
2023-01-22,2523.0,2589.0,2514.0,2543.0,814437533830,131724234,7806,2527.0,2568.0,1401-11-02
2023-01-23,2568.0,2626.0,2514.0,2564.0,852041899700,136778785,7263,2543.0,2576.0,1401-11-03
2023-01-24,2560.0,2580.0,2527.0,2556.0,455517365500,73351074,5084,2564.0,2556.0,1401-11-04
2023-01-25,2551.0,2551.0,2482.0,2502.0,719736194500,118382059,6761,2556.0,2510.0,1401-11-05
2023-01-28,2527.0,2543.0,2477.0,2502.0,765625435350,125951557,6878,2502.0,2482.0,1401-11-08
2023-01-29,2473.0,2477.0,2383.0,2416.0,1112787029200,189522032,9240,2502.0,2457.0,1401-11-09
2023-01-30,2387.0,2473.0,2337.0,2416.0,813328770150,138509344,7765,2416.0,2457.0,1401-11-10
2023-01-31,2457.0,2510.0,2432.0,2465.0,540280991020,90202536,5095,2416.0,2465.0,1401-11-11
2023-02-01,2469.0,2482.0,2453.0,2465.0,589616040120,98408845,4478,2465.0,2461.0,1401-11-12
2023-02-05,2461.0,2469.0,2424.0,2449.0,936777854100,157450063,5581,2465.0,2449.0,1401-11-16
2023-02-06,2449.0,2502.0,2444.0,2469.0,547903510110,91392166,4885,2449.0,2490.0,1401-11-17
2023-02-07,2490.0,2580.0,2490.0,2543.0,648202833750,104857562,5796,2469.0,2572.0,1401-11-18
2023-02-08,2560.0,2626.0,2551.0,2580.0,644619084580,102835863,5958,2543.0,2556.0,1401-11-19
2023-02-12,2560.0,2593.0,2551.0,2576.0,537581611410,85916203,4999,2580.0,2584.0,1401-11-23
2023-02-13,2589.0,2638.0,2576.0,2601.0,666607514800,105500295,5363,2576.0,2589.0,1401-11-24
2023-02-14,2597.0,2613.0,2568.0,2593.0,640598665600,101760189,5002,2601.0,2576.0,1401-11-25
2023-02-15,2576.0,2605.0,2556.0,2580.0,445507459850,71012495,4058,2593.0,2580.0,1401-11-26
2023-02-19,2593.0,2708.0,2589.0,2642.0,1331841386560,207471282,10562,2580.0,2696.0,1401-11-30
2023-02-20,2811.0,2823.0,2757.0,2823.0,2505567764270,365385476,8715,2642.0,2823.0,1401-12-01
2023-02-21,3021.0,3021.0,2996.0,3021.0,5502494011290,749737326,19217,2823.0,3021.0,1401-12-02
2023-02-22,3037.0,3169.0,2984.0,3062.0,3247614786220,436560018,24118,3021.0,3144.0,1401-12-03
2023-02-25,3276.0,3276.0,3276.0,3276.0,2116680494600,265914635,6964,3062.0,3276.0,1401-12-06
2023-02-26,3502.0,3502.0,3383.0,3490.0,7304527404450,861116981,36474,3276.0,3502.0,1401-12-07
2023-02-27,3444.0,3601.0,3321.0,3477.0,4432543800570,524418093,29988,3490.0,3477.0,1401-12-08
2023-02-28,3519.0,3580.0,3403.0,3527.0,2360615169270,275533774,17938,3477.0,3490.0,1401-12-09
2023-03-01,3494.0,3523.0,3375.0,3436.0,3171957615060,379717791,18891,3527.0,3383.0,1401-12-10
2023-03-04,3379.0,3387.0,3300.0,3337.0,1733561550510,213687956,14240,3436.0,3313.0,1401-12-13
2023-03-05,3313.0,3436.0,3292.0,3325.0,1190305085530,147265490,10816,3337.0,3321.0,1401-12-14
2023-03-06,3321.0,3321.0,3193.0,3268.0,1643957876640,206946906,11062,3325.0,3276.0,1401-12-15
2023-03-07,3296.0,3494.0,3296.0,3473.0,4636956055790,549719790,20825,3268.0,3494.0,1401-12-16
2023-03-11,3473.0,3494.0,3333.0,3399.0,2430862780590,294411392,20572,3473.0,3342.0,1401-12-20
2023-03-12,3292.0,3317.0,3202.0,3259.0,1738974076590,219466342,13905,3399.0,3251.0,1401-12-21
2023-03-13,3259.0,3333.0,3243.0,3268.0,1874264149280,235952241,15895,3259.0,3263.0,1401-12-22
2023-03-19,3584.0,3764.0,3584.0,3659.0,5248841901830,891831928,25825,3268.0,3727.0,1401-12-28
2023-03-25,3820.0,3914.0,3671.0,3870.0,2845098629170,456619517,25586,3659.0,3914.0,1402-01-05
2023-03-26,3963.0,4081.0,3796.0,3926.0,2293861386440,362716933,29399,3870.0,3839.0,1402-01-06
2023-03-27,3851.0,4025.0,3758.0,3938.0,1427758013040,225341510,17960,3926.0,3976.0,1402-01-07
2023-03-28,3994.0,4013.0,3858.0,3920.0,2013357236110,319285689,25730,3938.0,3926.0,1402-01-08
2023-03-29,3932.0,3976.0,3883.0,3920.0,1651511976380,261767907,21753,3920.0,3926.0,1402-01-09
2023-04-03,3876.0,3914.0,3727.0,3858.0,2013119001210,324399386,24873,3920.0,3914.0,1402-01-14
2023-04-04,3914.0,3982.0,3827.0,3895.0,1685141103880,268808210,20456,3858.0,3839.0,1402-01-15
2023-04-05,3870.0,3901.0,3789.0,3858.0,2089704801620,336729315,20790,3895.0,3870.0,1402-01-16
2023-04-08,3864.0,4119.0,3839.0,4007.0,3499509067480,542465282,29235,3858.0,3994.0,1402-01-19
2023-04-09,4081.0,4081.0,3945.0,3988.0,2029892784170,316354456,21988,4007.0,3957.0,1402-01-20
2023-04-10,3976.0,4032.0,3796.0,3889.0,2187607400190,349421340,25972,3988.0,3833.0,1402-01-21
2023-04-11,3864.0,3926.0,3808.0,3851.0,1377931966390,222345202,14217,3889.0,3870.0,1402-01-22
2023-04-15,3914.0,3982.0,3889.0,3932.0,2213780467540,349695944,22662,3851.0,3907.0,1402-01-26
2023-04-16,3976.0,3988.0,3883.0,3926.0,1935944442670,306540311,18765,3932.0,3907.0,1402-01-27
2023-04-17,3932.0,4013.0,3895.0,3938.0,2219063608240,350123370,19831,3926.0,3926.0,1402-01-28
2023-04-18,3920.0,4038.0,3889.0,3957.0,2566986246960,403022157,24710,3938.0,3914.0,1402-01-29
2023-04-19,3957.0,3982.0,3870.0,3920.0,1583916262900,250828258,16527,3957.0,3914.0,1402-01-30
2023-04-24,3920.0,3938.0,3858.0,3901.0,1510387193840,240649139,14505,3920.0,3926.0,1402-02-04
2023-04-25,3876.0,4032.0,3876.0,3969.0,2123572147670,332099309,16769,3901.0,3938.0,1402-02-05
2023-04-26,3932.0,4038.0,3883.0,3976.0,2233264838470,349071534,17351,3969.0,4032.0,1402-02-06
2023-04-29,4143.0,4249.0,4143.0,4249.0,7012763736540,1025644709,28194,3976.0,4249.0,1402-02-09
2023-04-30,4386.0,4529.0,4274.0,4379.0,4477107510650,634600863,30140,4249.0,4417.0,1402-02-10
2023-05-01,4442.0,4454.0,4280.0,4392.0,3050000331340,431638871,22946,4379.0,4423.0,1402-02-11
2023-05-02,4460.0,4578.0,4423.0,4522.0,2705467767180,371862610,18811,4392.0,4566.0,1402-02-12
2023-05-03,4560.0,4560.0,4435.0,4498.0,2298557054950,317542345,18767,4522.0,4479.0,1402-02-13
2023-05-06,4510.0,4572.0,4404.0,4491.0,2234693932710,308938513,19750,4498.0,4498.0,1402-02-16
2023-05-07,4491.0,4504.0,4181.0,4274.0,3997894227690,580962258,30154,4491.0,4181.0,1402-02-17
2023-05-08,4063.0,4268.0,3976.0,4025.0,2776594816510,428610795,20532,4274.0,3976.0,1402-02-18
2023-05-09,3833.0,4224.0,3833.0,4088.0,1890052079370,287446777,20856,4025.0,4181.0,1402-02-19
2023-05-10,4237.0,4237.0,3988.0,4075.0,2096274772860,319702220,16084,4088.0,4112.0,1402-02-20
2023-05-13,4075.0,4106.0,3851.0,3988.0,2717886991480,423664181,19008,4075.0,4050.0,1402-02-23
2023-05-14,4013.0,4218.0,4013.0,4143.0,1523085572110,228292468,13592,3988.0,4162.0,1402-02-24
2023-05-15,4193.0,4199.0,4094.0,4150.0,1261697714760,188982290,10152,4143.0,4181.0,1402-02-25
2023-05-20,4038.0,4050.0,3963.0,4001.0,1272714440960,197492942,11166,4150.0,4019.0,1402-02-30
2023-05-21,3963.0,4081.0,3926.0,4001.0,1905657025340,295904651,12351,4001.0,4056.0,1402-02-31
2023-05-22,4056.0,4088.0,3951.0,3982.0,1235376975570,192852613,12317,4001.0,3963.0,1402-03-01
2023-05-23,4001.0,4007.0,3920.0,3957.0,1152876798980,181098784,11495,3982.0,3938.0,1402-03-02
2023-05-24,4007.0,4013.0,3926.0,3951.0,927961435990,145969153,9183,3957.0,3932.0,1402-03-03
2023-05-27,3914.0,3957.0,3833.0,3883.0,1137412879310,181880942,11296,3951.0,3914.0,1402-03-06
2023-05-28,3864.0,3883.0,3771.0,3808.0,1045888233340,170660998,10058,3883.0,3858.0,1402-03-07
2023-05-29,3858.0,3870.0,3796.0,3814.0,752948297630,122716152,7651,3808.0,3802.0,1402-03-08
2023-05-30,3851.0,3858.0,3802.0,3814.0,903794608510,147161500,7310,3814.0,3820.0,1402-03-09
2023-05-31,3820.0,3820.0,3740.0,3789.0,811105276080,132886502,6705,3814.0,3814.0,1402-03-10
2023-06-03,3814.0,3827.0,3783.0,3802.0,414735237480,67822579,5756,3789.0,3789.0,1402-03-13
2023-06-06,3820.0,3820.0,3789.0,3808.0,702581765230,114689026,6008,3802.0,3808.0,1402-03-16
2023-06-07,3808.0,3851.0,3783.0,3808.0,746408573560,121742996,6172,3808.0,3814.0,1402-03-17
2023-06-10,3764.0,3789.0,3615.0,3659.0,1228038798250,208352537,10322,3808.0,3646.0,1402-03-20
2023-06-11,3640.0,3640.0,3566.0,3615.0,785385098990,134906296,9300,3659.0,3609.0,1402-03-21
2023-06-12,3541.0,3541.0,3392.0,3429.0,1397220009370,253173030,15366,3615.0,3423.0,1402-03-22
2023-06-13,3417.0,3541.0,3417.0,3473.0,535405416970,95755494,6673,3429.0,3497.0,1402-03-23
2023-06-14,3559.0,3671.0,3528.0,3615.0,365445544530,62838935,6240,3473.0,3603.0,1402-03-24
2023-06-17,3615.0,3671.0,3572.0,3609.0,366496391920,63127519,5687,3615.0,3572.0,1402-03-27
2023-06-18,3597.0,3615.0,3473.0,3584.0,700113177290,121290120,5627,3609.0,3591.0,1402-03-28
2023-06-19,3615.0,3615.0,3528.0,3547.0,566527478590,99238817,5748,3584.0,3535.0,1402-03-29
2023-06-20,3547.0,3584.0,3504.0,3528.0,262440230040,46171020,4077,3547.0,3541.0,1402-03-30
2023-06-21,3541.0,3572.0,3460.0,3516.0,420564575410,74345505,6119,3528.0,3504.0,1402-03-31
2023-06-24,3479.0,3516.0,3441.0,3466.0,458262281810,82124904,7530,3516.0,3491.0,1402-04-03
2023-06-25,3491.0,3591.0,3466.0,3510.0,375208908800,66455705,5943,3466.0,3479.0,1402-04-04
2023-06-26,3479.0,3559.0,3454.0,3535.0,516200388690,90734114,5471,3510.0,3535.0,1402-04-05
2023-06-27,3541.0,3572.0,3460.0,3491.0,326438966470,58122823,4637,3535.0,3491.0,1402-04-06
2023-06-28,3491.0,3504.0,3441.0,3466.0,242127726360,43415863,4089,3491.0,3460.0,1402-04-07
2023-07-01,3454.0,3466.0,3410.0,3429.0,294346431610,53327532,6061,3466.0,3417.0,1402-04-10
2023-07-02,3417.0,3516.0,3410.0,3466.0,263771620220,47231036,4386,3429.0,3479.0,1402-04-11
2023-07-03,3504.0,3653.0,3473.0,3566.0,605475180490,105465938,6428,3466.0,3622.0,1402-04-12
2023-07-04,3646.0,3746.0,3628.0,3684.0,773796643330,130524700,8122,3566.0,3665.0,1402-04-13
2023-07-05,3646.0,3715.0,3634.0,3671.0,393681573340,66622061,4641,3684.0,3659.0,1402-04-14
2023-07-08,3665.0,3684.0,3578.0,3622.0,379839246810,65120779,5495,3671.0,3584.0,1402-04-17
2023-07-09,3584.0,3634.0,3559.0,3603.0,412802169770,71151549,4266,3622.0,3603.0,1402-04-18
2023-07-10,3603.0,3653.0,3572.0,3584.0,437017503480,75699210,4154,3603.0,3572.0,1402-04-19
2023-07-11,3553.0,3591.0,3460.0,3522.0,850373519530,149920504,6515,3584.0,3466.0,1402-04-20
2023-07-12,3460.0,3479.0,3336.0,3398.0,580084861150,106044406,7687,3522.0,3429.0,1402-04-21
2023-07-15,3435.0,3479.0,3398.0,3435.0,414984014580,75064706,5105,3398.0,3423.0,1402-04-24
2023-07-16,3429.0,3429.0,3274.0,3317.0,529456947970,99060289,6711,3435.0,3317.0,1402-04-25
2023-07-17,3280.0,3317.0,3106.0,3193.0,907932231800,176626718,9791,3317.0,3268.0,1402-04-26
2023-07-18,3268.0,3410.0,3268.0,3392.0,1223447932340,224243595,9760,3193.0,3410.0,1402-04-27
2023-07-24,3426.0,3453.0,3412.0,3433.0,286859922500,57109828,3685,3392.0,3453.0,1402-05-02
2023-07-25,3467.0,3515.0,3405.0,3440.0,357380335300,71003596,6135,3433.0,3426.0,1402-05-03
2023-07-26,3419.0,3440.0,3364.0,3419.0,278767916960,55747071,4389,3440.0,3419.0,1402-05-04
2023-07-29,3419.0,3440.0,3399.0,3412.0,328165918750,65750231,4100,3419.0,3412.0,1402-05-07
2023-07-30,3412.0,3433.0,3351.0,3378.0,648448927660,131186888,5611,3412.0,3364.0,1402-05-08
2023-07-31,3351.0,3446.0,3344.0,3399.0,323903370810,65185000,3457,3378.0,3392.0,1402-05-09
2023-08-01,3446.0,3529.0,3392.0,3426.0,568271495760,113361598,5019,3399.0,3529.0,1402-05-10
2023-08-05,3515.0,3665.0,3515.0,3624.0,729924724230,137682646,7365,3426.0,3665.0,1402-05-14
2023-08-06,3679.0,3693.0,3590.0,3652.0,461207779340,86390288,4993,3624.0,3686.0,1402-05-15
2023-08-07,3713.0,3713.0,3631.0,3672.0,451874959030,84210683,3384,3652.0,3658.0,1402-05-16
2023-08-08,3652.0,3686.0,3570.0,3658.0,458090474400,85572351,3271,3672.0,3652.0,1402-05-17
2023-08-09,3658.0,3693.0,3604.0,3638.0,313332478140,58903565,3338,3658.0,3638.0,1402-05-18
2023-08-12,3556.0,3631.0,3494.0,3529.0,554045895380,107356345,4451,3638.0,3508.0,1402-05-21
2023-08-13,3501.0,3570.0,3488.0,3535.0,303011290920,58579340,3139,3529.0,3542.0,1402-05-22
2023-08-14,3542.0,3590.0,3501.0,3535.0,359684109890,69543411,3425,3535.0,3529.0,1402-05-23
2023-08-15,3501.0,3542.0,3474.0,3501.0,332716507350,64986507,2926,3535.0,3488.0,1402-05-24
2023-08-16,3481.0,3515.0,3474.0,3494.0,318954306680,62458561,3092,3501.0,3488.0,1402-05-25
2023-08-19,3467.0,3494.0,3426.0,3453.0,379251242390,75146488,4036,3494.0,3453.0,1402-05-28
2023-08-20,3453.0,3474.0,3446.0,3453.0,373197419020,73867748,3473,3453.0,3453.0,1402-05-29
2023-08-21,3460.0,3494.0,3446.0,3460.0,263109900620,52038276,2807,3453.0,3467.0,1402-05-30
2023-08-22,3467.0,3467.0,3399.0,3419.0,385567565300,77110559,3725,3460.0,3412.0,1402-05-31
2023-08-23,3392.0,3453.0,3385.0,3419.0,348934801190,69737133,3823,3419.0,3446.0,1402-06-01
2023-08-26,3494.0,3631.0,3453.0,3570.0,801176126890,153494477,5931,3419.0,3597.0,1402-06-04
2023-08-27,3652.0,3816.0,3604.0,3761.0,1282123166740,233151626,9017,3570.0,3775.0,1402-06-05
2023-08-28,3823.0,3891.0,3747.0,3816.0,929474239300,166512551,7310,3761.0,3795.0,1402-06-06
2023-08-29,3850.0,3918.0,3775.0,3836.0,739763385740,131877599,5665,3816.0,3782.0,1402-06-07
2023-08-30,3768.0,3918.0,3768.0,3843.0,708472236280,125955299,5462,3836.0,3836.0,1402-06-08
2023-09-02,3870.0,3911.0,3754.0,3823.0,750707152930,134370385,5570,3843.0,3823.0,1402-06-11
2023-09-03,3823.0,3870.0,3775.0,3829.0,359584676330,64217517,3701,3823.0,3829.0,1402-06-12
2023-09-04,3795.0,3925.0,3782.0,3877.0,569980974380,100566866,4414,3829.0,3870.0,1402-06-13
2023-09-05,3891.0,3966.0,3823.0,3884.0,686716882640,120871716,5165,3877.0,3843.0,1402-06-14
2023-09-09,3823.0,3939.0,3795.0,3836.0,440403930660,78512848,4207,3884.0,3795.0,1402-06-18
2023-09-10,3775.0,3829.0,3741.0,3809.0,615543299200,110475841,3824,3836.0,3795.0,1402-06-19
2023-09-11,3782.0,3829.0,3761.0,3795.0,412089056980,74309985,3419,3809.0,3823.0,1402-06-20
2023-09-12,3829.0,3829.0,3782.0,3802.0,400713351140,72110806,2838,3795.0,3795.0,1402-06-21
2023-09-13,3802.0,3829.0,3782.0,3802.0,576948771280,103681013,5175,3802.0,3802.0,1402-06-22
2023-09-17,3802.0,3870.0,3782.0,3809.0,462779827120,83045619,4871,3802.0,3802.0,1402-06-26
2023-09-18,3795.0,3836.0,3782.0,3809.0,841007473450,151092451,4354,3809.0,3802.0,1402-06-27
2023-09-19,3809.0,3843.0,3795.0,3829.0,694572642810,124079974,3278,3809.0,3836.0,1402-06-28
2023-09-20,3836.0,3864.0,3782.0,3823.0,714668257920,127810415,3542,3829.0,3829.0,1402-06-29
2023-09-23,3795.0,3836.0,3795.0,3823.0,384804733880,68876272,3201,3823.0,3816.0,1402-07-01
2023-09-25,3816.0,3836.0,3754.0,3788.0,625239052600,112842856,4224,3823.0,3788.0,1402-07-03
2023-09-26,3802.0,3802.0,3761.0,3775.0,455205434330,82486265,4196,3788.0,3768.0,1402-07-04
2023-09-27,3761.0,3788.0,3734.0,3761.0,493620180690,89692328,3700,3775.0,3768.0,1402-07-05
2023-09-30,3768.0,3795.0,3652.0,3699.0,570334130350,105515003,6119,3761.0,3658.0,1402-07-08
2023-10-01,3699.0,3713.0,3611.0,3631.0,570268323740,107429619,4875,3699.0,3624.0,1402-07-09
2023-10-02,3611.0,3658.0,3590.0,3624.0,576615417190,108710565,4104,3631.0,3624.0,1402-07-10
2023-10-04,3631.0,3665.0,3617.0,3624.0,457959894210,86346374,3694,3624.0,3631.0,1402-07-12
2023-10-07,3624.0,3658.0,3597.0,3617.0,536383135250,101466441,3916,3624.0,3617.0,1402-07-15
2023-10-08,3597.0,3604.0,3474.0,3508.0,694376466380,135307065,6297,3617.0,3522.0,1402-07-16
2023-10-09,3474.0,3693.0,3474.0,3576.0,360610966990,68912694,4532,3508.0,3542.0,1402-07-17
2023-10-10,3576.0,3617.0,3549.0,3583.0,304420550580,58044386,3111,3576.0,3597.0,1402-07-18
2023-10-11,3624.0,3624.0,3549.0,3570.0,254034855800,48623209,3041,3583.0,3576.0,1402-07-19
2023-10-14,3570.0,3576.0,3453.0,3515.0,357513300850,69556400,3455,3570.0,3522.0,1402-07-22
2023-10-15,3501.0,3590.0,3494.0,3542.0,376248755790,72600489,3218,3515.0,3583.0,1402-07-23
2023-10-16,3556.0,3617.0,3556.0,3583.0,254318726760,48551498,3016,3542.0,3611.0,1402-07-24
2023-10-18,3583.0,3611.0,3549.0,3576.0,463799376820,88764855,2908,3583.0,3597.0,1402-07-26
2023-10-21,3563.0,3583.0,3542.0,3563.0,462595759440,88739679,3320,3576.0,3549.0,1402-07-29
2023-10-22,3624.0,3720.0,3624.0,3672.0,514261021560,95757133,5329,3563.0,3679.0,1402-07-30
2023-10-23,3679.0,3734.0,3658.0,3686.0,463064870970,85893078,4015,3672.0,3686.0,1402-08-01
2023-10-24,3665.0,3693.0,3611.0,3638.0,519055203910,97500089,3586,3686.0,3624.0,1402-08-02
2023-10-25,3645.0,3686.0,3638.0,3658.0,329141791540,61496230,2980,3638.0,3658.0,1402-08-03
2023-10-28,3645.0,3645.0,3529.0,3556.0,634709280980,122006100,5596,3658.0,3529.0,1402-08-06
2023-10-29,3535.0,3604.0,3529.0,3576.0,298969240230,57169267,3255,3556.0,3597.0,1402-08-07
2023-10-30,3590.0,3693.0,3590.0,3658.0,322140648670,60200487,3317,3576.0,3686.0,1402-08-08
2023-10-31,3693.0,3706.0,3645.0,3665.0,457528960280,85290364,3689,3658.0,3672.0,1402-08-09
2023-11-01,3645.0,3699.0,3570.0,3658.0,431903022110,80699528,3521,3665.0,3686.0,1402-08-10
2023-11-04,3720.0,3850.0,3720.0,3768.0,648678032760,117686304,4911,3658.0,3761.0,1402-08-13
2023-11-05,3816.0,3829.0,3768.0,3782.0,481131304090,86997345,3855,3768.0,3795.0,1402-08-14
2023-11-06,3809.0,3816.0,3761.0,3788.0,398758116190,71995985,3821,3782.0,3788.0,1402-08-15
2023-11-07,3775.0,3980.0,3775.0,3870.0,662535144710,117065433,5807,3788.0,3911.0,1402-08-16
2023-11-08,3953.0,3953.0,3829.0,3870.0,582585749420,102966683,4525,3870.0,3850.0,1402-08-17
2023-11-11,3829.0,3891.0,3829.0,3857.0,297273997000,52665345,3387,3870.0,3857.0,1402-08-20
2023-11-12,3843.0,3864.0,3809.0,3843.0,368392376120,65526288,3061,3857.0,3829.0,1402-08-21
2023-11-13,3870.0,3870.0,3802.0,3829.0,524151242290,93677090,3756,3843.0,3816.0,1402-08-22
2023-11-14,3829.0,3836.0,3761.0,3788.0,283574463940,51152018,2790,3829.0,3788.0,1402-08-23
2023-11-15,3782.0,3788.0,3706.0,3754.0,341105648300,62185182,3588,3788.0,3754.0,1402-08-24
2023-11-18,3720.0,3754.0,3672.0,3699.0,300027017790,55412956,3714,3754.0,3706.0,1402-08-27
2023-11-19,3693.0,3706.0,3658.0,3679.0,556748833810,103415167,3661,3699.0,3679.0,1402-08-28
2023-11-20,3658.0,3693.0,3631.0,3658.0,334029511660,62435692,3173,3679.0,3631.0,1402-08-29
2023-11-21,3658.0,3665.0,3624.0,3645.0,335285989050,62888319,3521,3658.0,3631.0,1402-08-30
2023-11-22,3624.0,3686.0,3617.0,3652.0,470867411890,88214879,3378,3645.0,3638.0,1402-09-01
2023-11-25,3638.0,3665.0,3617.0,3638.0,323305470280,60727272,3511,3652.0,3624.0,1402-09-04
2023-11-26,3638.0,3658.0,3617.0,3631.0,230714850580,43468629,3112,3638.0,3638.0,1402-09-05
2023-11-27,3658.0,3665.0,3617.0,3631.0,294804347440,55531768,3188,3631.0,3631.0,1402-09-06
2023-11-28,3631.0,3672.0,3611.0,3638.0,310101486940,58268193,3183,3631.0,3665.0,1402-09-07
2023-11-29,3693.0,3809.0,3679.0,3747.0,897344085390,163757573,6352,3638.0,3761.0,1402-09-08
2023-12-02,3802.0,3898.0,3788.0,3836.0,1057221262910,188412697,7381,3747.0,3802.0,1402-09-11
2023-12-03,3829.0,4103.0,3788.0,4041.0,3308544093640,560194269,16579,3836.0,4103.0,1402-09-12
2023-12-04,4322.0,4322.0,4206.0,4281.0,4086786702170,653013205,24614,4041.0,4267.0,1402-09-13
2023-12-05,4267.0,4342.0,4199.0,4260.0,1605023947130,257715593,12522,4281.0,4240.0,1402-09-14
2023-12-06,4233.0,4260.0,4185.0,4219.0,629741503270,102142632,5891,4260.0,4206.0,1402-09-15
2023-12-09,4199.0,4233.0,4123.0,4164.0,1097368512390,180278913,7530,4219.0,4123.0,1402-09-18
2023-12-10,4137.0,4219.0,4110.0,4171.0,635303843850,104171513,5341,4164.0,4164.0,1402-09-19
2023-12-11,4171.0,4206.0,4151.0,4164.0,674740233810,110779742,4487,4171.0,4158.0,1402-09-20
2023-12-12,4151.0,4171.0,4130.0,4158.0,719296475570,118383637,4391,4164.0,4151.0,1402-09-21
2023-12-13,4144.0,4171.0,4123.0,4151.0,445641488610,73469939,3286,4158.0,4151.0,1402-09-22
2023-12-16,4171.0,4233.0,4151.0,4199.0,535942341330,87352283,4729,4151.0,4206.0,1402-09-25
2023-12-18,4219.0,4383.0,4219.0,4315.0,1200106530850,190143256,9752,4199.0,4315.0,1402-09-27
2023-12-19,4342.0,4500.0,4294.0,4370.0,1294093914360,202528370,7525,4315.0,4342.0,1402-09-28
2023-12-20,4342.0,4431.0,4308.0,4356.0,980725153050,153877890,5259,4370.0,4335.0,1402-09-29
2023-12-23,4356.0,4363.0,4308.0,4342.0,941287376220,148221279,4916,4356.0,4335.0,1402-10-02
2023-12-24,4335.0,4356.0,4274.0,4308.0,883284123080,140109578,5589,4342.0,4294.0,1402-10-03
2023-12-25,4301.0,4342.0,4240.0,4288.0,662003973830,105551246,4492,4308.0,4267.0,1402-10-04
2023-12-26,4260.0,4288.0,4219.0,4247.0,476493645930,76730771,3980,4288.0,4240.0,1402-10-05
2023-12-27,4288.0,4288.0,4233.0,4253.0,768386352510,123557080,4970,4247.0,4253.0,1402-10-06
2023-12-30,4294.0,4329.0,4274.0,4294.0,413007029830,65778615,3774,4253.0,4294.0,1402-10-09
2023-12-31,4308.0,4308.0,4226.0,4260.0,498910921170,80066614,3884,4294.0,4233.0,1402-10-10
2024-01-01,4260.0,4260.0,4206.0,4240.0,417831898480,67436187,3320,4260.0,4226.0,1402-10-11
2024-01-02,4226.0,4253.0,4171.0,4212.0,446092828520,72415054,3753,4240.0,4206.0,1402-10-12
2024-01-03,4226.0,4260.0,4171.0,4212.0,510237384690,82800015,3654,4212.0,4233.0,1402-10-13
2024-01-06,4226.0,4260.0,4199.0,4226.0,412010001770,66717283,3445,4212.0,4240.0,1402-10-16
2024-01-07,4192.0,4253.0,4192.0,4240.0,279873553090,45124110,3056,4226.0,4240.0,1402-10-17
2024-01-08,4233.0,4253.0,4212.0,4233.0,479904849470,77523673,3612,4240.0,4219.0,1402-10-18
2024-01-09,4219.0,4308.0,4206.0,4260.0,532235215560,85498692,3976,4233.0,4240.0,1402-10-19
2024-01-10,4267.0,4301.0,4267.0,4281.0,481666026740,76889340,3570,4260.0,4281.0,1402-10-20
2024-01-13,4281.0,4363.0,4260.0,4315.0,736421610760,116692973,5231,4281.0,4294.0,1402-10-23
2024-01-14,4315.0,4363.0,4308.0,4335.0,695842408130,109819493,5116,4315.0,4349.0,1402-10-24
2024-01-15,4335.0,4349.0,4288.0,4322.0,598168081220,94699573,3483,4335.0,4308.0,1402-10-25
2024-01-16,4288.0,4329.0,4247.0,4288.0,728649735130,116133373,3743,4322.0,4281.0,1402-10-26
2024-01-17,4274.0,4294.0,4247.0,4267.0,314644339790,50417391,2739,4288.0,4274.0,1402-10-27
2024-01-20,4274.0,4315.0,4226.0,4267.0,632437891640,101403368,4387,4267.0,4233.0,1402-10-30
2024-01-21,4219.0,4274.0,4192.0,4260.0,844313812030,135632320,4969,4267.0,4274.0,1402-11-01
2024-01-22,4274.0,4281.0,4219.0,4253.0,770439114340,123935142,4412,4260.0,4240.0,1402-11-02
2024-01-23,4233.0,4260.0,4158.0,4206.0,876521206620,142462396,5373,4253.0,4233.0,1402-11-03
2024-01-24,4206.0,4260.0,4206.0,4226.0,276792968980,44754505,2855,4206.0,4240.0,1402-11-04
2024-01-27,4253.0,4274.0,4206.0,4233.0,482056297820,77880140,3453,4226.0,4247.0,1402-11-07
2024-01-28,4240.0,4260.0,4212.0,4233.0,627040536870,101305577,4424,4233.0,4240.0,1402-11-08
2024-01-29,4233.0,4233.0,4185.0,4206.0,489988050450,79686813,3980,4233.0,4212.0,1402-11-09
2024-01-30,4178.0,4226.0,4178.0,4199.0,526567574850,85702902,6275,4206.0,4185.0,1402-11-10
2024-01-31,4199.0,4206.0,4158.0,4178.0,495797020190,81097347,3966,4199.0,4178.0,1402-11-11
2024-02-03,4171.0,4219.0,4158.0,4185.0,687313926660,112289458,4916,4178.0,4171.0,1402-11-14
2024-02-04,4192.0,4219.0,4096.0,4137.0,525813035240,86951296,6068,4185.0,4103.0,1402-11-15
2024-02-05,4117.0,4158.0,4082.0,4103.0,630079381730,104949166,5836,4137.0,4117.0,1402-11-16
2024-02-06,4082.0,4123.0,4062.0,4096.0,532025403110,88840127,4258,4103.0,4103.0,1402-11-17
2024-02-13,4130.0,4130.0,4082.0,4103.0,528729083590,88077560,3353,4096.0,4103.0,1402-11-24
2024-02-14,4110.0,4117.0,4062.0,4082.0,486126085530,81472457,4777,4103.0,4062.0,1402-11-25
2024-02-17,4096.0,4096.0,3987.0,4021.0,777774071690,132344831,6377,4082.0,4021.0,1402-11-28
2024-02-18,4021.0,4076.0,3980.0,4041.0,475446797670,80442772,4599,4021.0,4041.0,1402-11-29
2024-02-19,4048.0,4089.0,4028.0,4055.0,797003921280,134372791,7361,4041.0,4048.0,1402-11-30
2024-02-28,4117.0,4154.0,4081.0,4122.0,311274776162,69702325,3862,4055.0,4111.0,1402-12-09
2024-03-02,4117.0,4410.0,4108.0,4308.0,1310384875267,280794749,10217,4122.0,4410.0,1402-12-12
2024-03-03,4514.0,4600.0,4441.0,4514.0,1100158892268,224987668,10818,4308.0,4476.0,1402-12-13
2024-03-04,4486.0,4523.0,4407.0,4449.0,727076382641,150857921,7126,4514.0,4409.0,1402-12-14
2024-03-05,4368.0,4651.0,4368.0,4566.0,894183344684,180765641,7396,4449.0,4526.0,1402-12-15
2024-03-06,4569.0,4624.0,4477.0,4518.0,626042756975,127890770,6493,4566.0,4514.0,1402-12-16
2024-03-09,4578.0,4580.0,4448.0,4484.0,541245005191,111423540,6113,4518.0,4449.0,1402-12-19
2024-03-10,4441.0,4522.0,4410.0,4449.0,879555043282,182483986,6715,4484.0,4431.0,1402-12-20
2024-03-11,4431.0,4477.0,4389.0,4422.0,836030111581,174553063,7108,4449.0,4431.0,1402-12-21
2024-03-12,4410.0,4476.0,4385.0,4425.0,358730776952,74826050,5158,4422.0,4390.0,1402-12-22
2024-03-13,4387.0,4440.0,4319.0,4370.0,455656272064,96253614,5467,4425.0,4328.0,1402-12-23
2024-03-16,4385.0,4385.0,4277.0,4323.0,429215977284,91663566,5175,4370.0,4357.0,1402-12-26
2024-03-17,4356.0,4523.0,4356.0,4455.0,386562063770,80105704,4347,4323.0,4512.0,1402-12-27
2024-03-18,4514.0,4651.0,4495.0,4593.0,913387725068,183573778,8412,4455.0,4648.0,1402-12-28
2024-03-24,4708.0,4818.0,4708.0,4770.0,732116540730,141665658,9020,4593.0,4799.0,1403-01-05
2024-03-25,4881.0,4881.0,4716.0,4769.0,618173307489,119670589,9449,4770.0,4725.0,1403-01-06
2024-03-26,4754.0,4754.0,4703.0,4717.0,399635600296,78201793,5777,4769.0,4743.0,1403-01-07
2024-03-27,4744.0,4755.0,4707.0,4717.0,438397952560,85790293,6114,4717.0,4718.0,1403-01-08
2024-03-30,4726.0,4726.0,4671.0,4698.0,365440037590,71784993,4739,4717.0,4717.0,1403-01-11
2024-04-02,4671.0,4735.0,4569.0,4662.0,790540057970,156509693,7199,4698.0,4698.0,1403-01-14
2024-04-03,4662.0,4735.0,4652.0,4689.0,336417595660,66251986,4811,4662.0,4680.0,1403-01-15
2024-04-06,4689.0,4791.0,4597.0,4680.0,1118587672520,220590452,8864,4689.0,4643.0,1403-01-18
2024-04-07,4652.0,4745.0,4643.0,4680.0,608031056590,119916819,4917,4680.0,4689.0,1403-01-19
2024-04-08,4680.0,4735.0,4671.0,4698.0,558698658650,109694903,5019,4680.0,4698.0,1403-01-20
2024-04-09,4698.0,4828.0,4698.0,4763.0,837639193230,162454953,6120,4698.0,4818.0,1403-01-21
2024-04-13,4763.0,4763.0,4578.0,4643.0,1255962291820,249799475,9784,4763.0,4597.0,1403-01-25
2024-04-14,4597.0,4597.0,4597.0,4597.0,225772493160,45335842,1614,4643.0,4597.0,1403-01-26
2024-04-15,4578.0,4634.0,4578.0,4615.0,440489462620,88091704,2347,4597.0,4634.0,1403-01-27
2024-04-16,4634.0,4662.0,4569.0,4634.0,1086985724930,216367168,6226,4615.0,4662.0,1403-01-28
2024-04-17,4680.0,4680.0,4680.0,4680.0,266730717630,52609609,1158,4634.0,4680.0,1403-01-29
2024-04-20,4938.0,5003.0,4846.0,4994.0,1655859090710,305940802,7878,4680.0,5003.0,1403-02-01
2024-04-21,5178.0,5234.0,5031.0,5151.0,1936554021470,347115433,15208,4994.0,5105.0,1403-02-02
2024-04-22,5114.0,5197.0,5049.0,5123.0,1152280583050,207769889,9772,5151.0,5068.0,1403-02-03
2024-04-23,5086.0,5123.0,4957.0,5012.0,787485384200,145152634,8224,5123.0,5031.0,1403-02-04
2024-04-24,5022.0,5068.0,4920.0,4994.0,793777016330,146650782,6936,5012.0,5031.0,1403-02-05
2024-04-27,5031.0,5068.0,4948.0,4994.0,619337851850,114478780,5510,4994.0,4985.0,1403-02-08
2024-04-28,4957.0,5031.0,4865.0,4920.0,684554751930,128506701,6843,4994.0,4902.0,1403-02-09
2024-04-29,4929.0,4938.0,4828.0,4865.0,557669665370,105735482,6119,4920.0,4837.0,1403-02-10
2024-04-30,4846.0,4865.0,4772.0,4809.0,603473603250,115886933,5503,4865.0,4791.0,1403-02-11
2024-05-01,4809.0,4828.0,4754.0,4791.0,364071286170,70192844,4566,4809.0,4809.0,1403-02-12
2024-05-05,4809.0,4818.0,4754.0,4772.0,317942866860,61442257,4357,4791.0,4754.0,1403-02-16
2024-05-06,4735.0,4735.0,4671.0,4698.0,447413489830,87871170,5280,4772.0,4689.0,1403-02-17
2024-05-07,4698.0,4735.0,4680.0,4698.0,314458405140,61780593,3832,4698.0,4708.0,1403-02-18
2024-05-08,4708.0,4717.0,4625.0,4662.0,362367617590,71733163,4850,4698.0,4662.0,1403-02-19
2024-05-11,4671.0,4689.0,4606.0,4625.0,527346192760,105190601,5300,4662.0,4625.0,1403-02-22
2024-05-12,4615.0,4717.0,4569.0,4625.0,573423039170,114511404,7046,4625.0,4597.0,1403-02-23
2024-05-13,4569.0,4606.0,4532.0,4560.0,796864854000,161323152,7197,4625.0,4588.0,1403-02-24
2024-05-14,4560.0,4717.0,4560.0,4625.0,559701296780,111614869,5004,4560.0,4597.0,1403-02-25
2024-05-15,4625.0,4708.0,4532.0,4625.0,531930776860,106080462,4725,4625.0,4680.0,1403-02-26
2024-05-18,4689.0,4717.0,4597.0,4634.0,481171789860,95827819,4798,4625.0,4597.0,1403-02-29
2024-05-19,4597.0,4597.0,4394.0,4468.0,1264448082360,261324436,10184,4634.0,4458.0,1403-02-30
2024-05-21,4468.0,4551.0,4440.0,4514.0,477990184410,97794909,4548,4468.0,4542.0,1403-03-01
2024-05-25,4523.0,4523.0,4424.0,4433.0,604180197415,125824414,7119,4514.0,4427.0,1403-03-05
2024-05-26,4425.0,4431.0,4344.0,4350.0,756405348427,160502143,5954,4433.0,4344.0,1403-03-06
2024-05-27,4326.0,4338.0,4264.0,4277.0,871981848575,188228947,6803,4350.0,4337.0,1403-03-07
2024-05-28,4360.0,4362.0,4337.0,4361.0,170886365043,36172895,1278,4277.0,4362.0,1403-03-08
2024-05-29,4447.0,4447.0,4447.0,4434.0,99335081274,20617493,706,4361.0,4447.0,1403-03-09
2024-06-01,4522.0,4522.0,4477.0,4518.0,722200916882,147554564,5565,4434.0,4522.0,1403-03-12
2024-06-02,4574.0,4574.0,4473.0,4513.0,310591044662,63522526,3405,4518.0,4523.0,1403-03-13
2024-06-05,4511.0,4560.0,4471.0,4499.0,309669020719,63531980,3205,4513.0,4513.0,1403-03-16
2024-06-08,4513.0,4514.0,4410.0,4411.0,382950141459,80125306,3295,4499.0,4410.0,1403-03-19
2024-06-09,4397.0,4499.0,4376.0,4453.0,410940861464,85180576,4350,4411.0,4497.0,1403-03-20
2024-06-10,4542.0,4542.0,4488.0,4541.0,446009397576,90678531,3088,4453.0,4542.0,1403-03-21
2024-06-11,4542.0,4602.0,4495.0,4529.0,402213337484,81983014,3388,4541.0,4542.0,1403-03-22
2024-06-12,4546.0,4597.0,4460.0,4503.0,503007695975,103122327,5049,4529.0,4530.0,1403-03-23
2024-06-15,4521.0,4521.0,4413.0,4427.0,343297864709,71583842,3938,4503.0,4413.0,1403-03-26
2024-06-16,4361.0,4375.0,4339.0,4340.0,664325523028,141285927,4127,4427.0,4339.0,1403-03-27
2024-06-18,4340.0,4340.0,4254.0,4267.0,506429794982,109536357,5307,4340.0,4256.0,1403-03-29
2024-06-19,4246.0,4352.0,4246.0,4337.0,406615862522,86552563,3618,4267.0,4351.0,1403-03-30
2024-06-22,4420.0,4420.0,4328.0,4350.0,358297938879,76046689,3713,4337.0,4352.0,1403-04-02
2024-06-23,4385.0,4389.0,4350.0,4361.0,247890644290,52474243,2785,4350.0,4354.0,1403-04-03
2024-06-24,4394.0,4447.0,4374.0,4413.0,535694559028,112051212,4428,4361.0,4447.0,1403-04-04
2024-06-26,4501.0,4501.0,4477.0,4500.0,480639579232,98586455,2578,4413.0,4501.0,1403-04-06
2024-06-29,4560.0,4560.0,4452.0,4501.0,455316244691,93372361,4712,4500.0,4461.0,1403-04-09
2024-06-30,4490.0,4542.0,4385.0,4449.0,810246055623,168110820,5040,4501.0,4461.0,1403-04-10
2024-07-01,4477.0,4514.0,4431.0,4459.0,343358310915,71069254,2967,4449.0,4472.0,1403-04-11
2024-07-02,4449.0,4541.0,4449.0,4518.0,460138722361,94028165,3299,4459.0,4524.0,1403-04-12
2024-07-03,4535.0,4671.0,4523.0,4598.0,768245149969,154247179,6158,4518.0,4652.0,1403-04-13
2024-07-06,4873.0,4873.0,4873.0,4873.0,702502217614,133074866,1816,4598.0,4873.0,1403-04-16
2024-07-07,5104.0,5104.0,4875.0,4939.0,1835103237202,342928008,9493,4873.0,4889.0,1403-04-17
2024-07-08,4927.0,4985.0,4833.0,4897.0,1251246968558,235859639,7761,4939.0,4943.0,1403-04-18
2024-07-09,4929.0,4948.0,4854.0,4878.0,593553336790,112303564,3866,4897.0,4859.0,1403-04-19
2024-07-10,4859.0,4892.0,4798.0,4842.0,942389073284,179660233,6349,4878.0,4891.0,1403-04-20
2024-07-13,4874.0,4874.0,4791.0,4818.0,777335152960,148804815,4484,4842.0,4791.0,1403-04-23
2024-07-14,4855.0,4855.0,4763.0,4800.0,757708602780,145796778,5240,4818.0,4791.0,1403-04-24
2024-07-22,4767.0,4828.0,4670.0,4738.0,678344836591,143171023,5613,4800.0,4774.0,1403-05-01
2024-07-23,4775.0,4810.0,4666.0,4711.0,635928867496,134981576,6836,4738.0,4670.0,1403-05-02
2024-07-24,4706.0,4736.0,4643.0,4680.0,807393132925,172523541,7774,4711.0,4661.0,1403-05-03
2024-07-27,4658.0,4679.0,4536.0,4589.0,418499908645,91193323,6502,4680.0,4572.0,1403-05-06
2024-07-29,4593.0,4593.0,4467.0,4511.0,798551904153,177022978,6710,4589.0,4476.0,1403-05-08
2024-07-30,4510.0,4530.0,4454.0,4479.0,619193415443,138228953,5613,4511.0,4480.0,1403-05-09
2024-07-31,4277.0,4450.0,4261.0,4321.0,935952777893,216601625,7167,4479.0,4380.0,1403-05-10
2024-08-03,4275.0,4318.0,4104.0,4175.0,984283327968,235772723,7872,4321.0,4104.0,1403-05-13
2024-08-04,4134.0,4200.0,4134.0,4164.0,324392277245,77910790,3728,4175.0,4190.0,1403-05-14
2024-08-05,4179.0,4200.0,4154.0,4175.0,590798859994,141494820,3582,4164.0,4154.0,1403-05-15
2024-08-06,4170.0,4195.0,4153.0,4169.0,501121402802,120207555,3991,4175.0,4176.0,1403-05-16
2024-08-10,4171.0,4200.0,4149.0,4167.0,237945571749,57100806,2937,4169.0,4151.0,1403-05-20
2024-08-11,4183.0,4199.0,4154.0,4165.0,317164457911,76157804,2778,4167.0,4188.0,1403-05-21
2024-08-12,4175.0,4175.0,4124.0,4142.0,634456882416,153179931,5184,4165.0,4125.0,1403-05-22
2024-08-13,4101.0,4142.0,4101.0,4106.0,647105686265,157604551,3747,4142.0,4102.0,1403-05-23
2024-08-14,4147.0,4147.0,4147.0,4147.0,311254246160,75055280,1466,4106.0,4147.0,1403-05-24
2024-08-17,4229.0,4229.0,4229.0,4229.0,382293129313,90397997,1259,4147.0,4229.0,1403-05-27
2024-08-18,4313.0,4313.0,4313.0,4313.0,404175116013,93710901,1257,4229.0,4313.0,1403-05-28
2024-08-19,4399.0,4399.0,4289.0,4360.0,987717256069,226562176,5477,4313.0,4300.0,1403-05-29
2024-08-20,4365.0,4390.0,4285.0,4333.0,302535009048,69819162,2389,4360.0,4325.0,1403-05-30
2024-08-21,4359.0,4417.0,4315.0,4346.0,540089366988,124274324,3625,4333.0,4347.0,1403-05-31
2024-08-24,4394.0,4432.0,4390.0,4415.0,463359298138,104951259,3463,4346.0,4432.0,1403-06-03
2024-08-26,4490.0,4500.0,4418.0,4446.0,646165928487,145344773,5295,4415.0,4419.0,1403-06-05
2024-08-27,4430.0,4520.0,4410.0,4456.0,432185406719,96985528,3960,4446.0,4440.0,1403-06-06
2024-08-28,4526.0,4526.0,4445.0,4471.0,400363256352,89548041,3937,4456.0,4474.0,1403-06-07
2024-08-31,4525.0,4560.0,4511.0,4555.0,1287282708007,282592096,4002,4471.0,4560.0,1403-06-10
2024-09-01,4622.0,4625.0,4512.0,4566.0,737602957839,161547591,6639,4555.0,4542.0,1403-06-11
2024-09-03,4593.0,4593.0,4475.0,4493.0,553181289200,123127204,5222,4566.0,4475.0,1403-06-13
2024-09-07,4464.0,4540.0,4359.0,4386.0,847914735858,193315269,6439,4493.0,4359.0,1403-06-17
2024-09-08,4380.0,4389.0,4255.0,4301.0,938593805323,218225663,7740,4386.0,4320.0,1403-06-18
2024-09-09,4340.0,4399.0,4295.0,4333.0,538196098304,124215646,4895,4301.0,4299.0,1403-06-19
2024-09-10,4339.0,4350.0,4252.0,4282.0,713203782816,166555374,5510,4333.0,4255.0,1403-06-20
2024-09-11,4290.0,4293.0,4205.0,4242.0,614373813989,144843351,6697,4282.0,4209.0,1403-06-21
2024-09-14,4239.0,4250.0,4144.0,4179.0,675855020135,161737152,7078,4242.0,4145.0,1403-06-24
2024-09-15,4155.0,4179.0,4104.0,4136.0,607117948299,146800569,5573,4179.0,4140.0,1403-06-25
2024-09-16,4140.0,4170.0,4108.0,4133.0,810690520990,196144834,6242,4136.0,4136.0,1403-06-26
2024-09-17,4133.0,4227.0,4126.0,4172.0,1081895982060,259353622,7310,4133.0,4221.0,1403-06-27
2024-09-18,4196.0,4238.0,4156.0,4177.0,987823628483,236510473,8062,4172.0,4204.0,1403-06-28
2024-09-22,4214.0,4214.0,4160.0,4176.0,557830517628,133591017,4491,4177.0,4161.0,1403-07-01
2024-09-23,4165.0,4280.0,4155.0,4215.0,1046205936007,248234773,6400,4176.0,4248.0,1403-07-02
2024-09-24,4279.0,4341.0,4240.0,4332.0,2356580479222,544049813,10332,4215.0,4341.0,1403-07-03
2024-09-25,4369.0,4394.0,4271.0,4312.0,1146148445381,265796396,7047,4332.0,4271.0,1403-07-04
2024-09-28,4269.0,4269.0,4269.0,4269.0,212452330431,49766299,1699,4312.0,4269.0,1403-07-07
2024-09-29,4227.0,4244.0,4227.0,4227.0,1398204953412,330772454,6061,4269.0,4227.0,1403-07-08
2024-09-30,4192.0,4246.0,4185.0,4193.0,811354000208,193504237,6476,4227.0,4185.0,1403-07-09
2024-10-01,4161.0,4162.0,4152.0,4154.0,482503699857,116152307,2984,4193.0,4152.0,1403-07-10
2024-10-02,4113.0,4123.0,4113.0,4113.0,827044924799,201080066,4981,4154.0,4113.0,1403-07-11
2024-10-05,4072.0,4090.0,4072.0,4072.0,1054628712858,258973062,6267,4113.0,4072.0,1403-07-14
2024-10-06,4044.0,4045.0,4032.0,4035.0,244870441615,60681888,2501,4072.0,4032.0,1403-07-15
2024-10-07,3995.0,4070.0,3995.0,4019.0,1111427402081,276540748,7761,4035.0,4042.0,1403-07-16
2024-10-08,4053.0,4059.0,4048.0,4059.0,679076256675,167321519,4571,4019.0,4058.0,1403-07-17
2024-10-12,4145.0,4180.0,4100.0,4170.0,681502975384,163448790,3525,4059.0,4180.0,1403-07-21
2024-10-13,4268.0,4279.0,4132.0,4197.0,885238459713,210944204,8733,4170.0,4217.0,1403-07-22
2024-10-14,4190.0,4217.0,4072.0,4115.0,674778363554,163994110,6262,4197.0,4072.0,1403-07-23
2024-10-15,4021.0,4111.0,3995.0,4029.0,578713164434,143640256,5836,4115.0,4011.0,1403-07-24
2024-10-16,4075.0,4100.0,4034.0,4062.0,353400462078,86993787,3521,4029.0,4045.0,1403-07-25
2024-10-19,4046.0,4087.0,3941.0,3951.0,603194043139,152650185,6803,4062.0,3941.0,1403-07-28
2024-10-20,3911.0,3911.0,3833.0,3838.0,898873297310,234217009,6835,3951.0,3855.0,1403-07-29
2024-10-21,3801.0,3900.0,3790.0,3849.0,552889992744,143653320,4952,3838.0,3840.0,1403-07-30
2024-10-22,3880.0,3953.0,3821.0,3856.0,649106338004,168350739,4692,3849.0,3849.0,1403-08-01
2024-10-23,3790.0,3849.0,3771.0,3791.0,510886916128,134750554,5094,3856.0,3800.0,1403-08-02
2024-10-26,3904.0,3904.0,3904.0,3891.0,109474792896,28041699,685,3791.0,3904.0,1403-08-05
2024-10-27,4007.0,4007.0,4007.0,4007.0,430520013860,107441980,976,3891.0,4007.0,1403-08-06
2024-10-28,4127.0,4127.0,4127.0,4127.0,474233095395,114909885,1644,4007.0,4127.0,1403-08-07
2024-10-29,4127.0,4172.0,4029.0,4125.0,1777297376155,430816001,9865,4127.0,4045.0,1403-08-08
2024-10-30,4100.0,4248.0,4055.0,4199.0,1305748794736,310944379,8123,4125.0,4248.0,1403-08-09
2024-11-02,4225.0,4324.0,4201.0,4292.0,1240418176572,289025822,6567,4199.0,4230.0,1403-08-12
2024-11-03,4200.0,4200.0,4164.0,4166.0,883831267936,212142328,7711,4292.0,4164.0,1403-08-13
2024-11-04,4114.0,4195.0,4086.0,4144.0,424933408509,102547957,3868,4166.0,4170.0,1403-08-14
2024-11-05,4195.0,4260.0,4152.0,4204.0,317619025131,75549465,2961,4144.0,4220.0,1403-08-15
2024-11-06,4173.0,4275.0,4104.0,4178.0,772436478828,184882653,5385,4204.0,4224.0,1403-08-16
2024-11-09,4220.0,4303.0,4220.0,4300.0,659303749349,153332821,2262,4178.0,4303.0,1403-08-19
2024-11-11,4525.0,4528.0,4427.0,4476.0,2418492237969,540351588,12560,4300.0,4449.0,1403-08-21
2024-11-12,4481.0,4529.0,4423.0,4471.0,1263177164076,282506106,8087,4476.0,4446.0,1403-08-22
2024-11-13,4456.0,4542.0,4424.0,4507.0,929587030135,206241045,6637,4471.0,4541.0,1403-08-23
